"FORM","Mean","Median","SD","CV_percent","Min","Max"
"Cozaar (Reference)",1.9825,1.835,1.43074744557243,72.1688497136159,0.07,6.43
"Cyclosartin (Test)",0.98702380952381,0.905,0.719681622650248,72.9143122694739,0.02,3.22
